{
  "IsEncrypted": false,
  "Values": {
    "AzureWebJobsStorage": "UseDevelopmentStorage=true",
    "FUNCTIONS_WORKER_RUNTIME": "dotnet",
    "ModelTableName": "modelinformation",
    "EntityTableName": "entities",
    //"StorageContainerString": "DefaultEndpointsProtocol=https;AccountName=msrpastor;AccountKey=yl90vote6WDYOC971utgjQmPuy0s4MhjsYX/d4FUit1UYO/uZt/h8h+08OumakpmedVa+wCzskGV2N72nASuSg==;EndpointSuffix=core.windows.net"
    "StorageContainerString": "DefaultEndpointsProtocol=https;AccountName=pncformssa;AccountKey=/8ibRvHKb3IUfPsFjDp9CIK6vmgf7kK3dbKINTy68dJQdEKZ77iRFIoofFi2LRmJGAMAOD0ps7R1vN+G3T+kbQ==;EndpointSuffix=core.windows.net"
  }
}